betaDC,collCost,evolveLanduse,evolveNetwork,expcollab,failed,finalTime,game,gametype,gammaCDA,gammaCDE,id,lambdaAcc,networkSpeed,nwBetweenness,nwCloseness,nwDiameter,nwLength,nwPathLength,nwRelativeSpeed,realcollab,regionalProba,relocationRate,replication,roadLength,setupType,synthConfFile,targetDistance,targetNetwork,wantedcollab
1.8,0.002387649397289905,0,1,0.0,0.0,10,2.347742083304431,discrete-choices,0.9,0.65,0,0.001,5.0,0.03695652173913044,1365.348523561308,0.6916237551609932,64.80111419686294,0.09506833171603536,308.7288538775501,0.0,0.9173808040598692,0.1,1568661339,3.1123536690878146,gis,setup/conf/real_nonw.conf,47.89386781621332,1,0.0
1.8,0.002387649397289905,0,1,0.0,0.0,10,2.347742083304431,discrete-choices,0.9,0.65,0,0.001,5.0,0.04090909090909091,1301.6456214705236,0.7499020134174161,65.30302102901362,0.11764080967806684,366.4240117977822,0.0,0.9173808040598692,0.1,-1637760798,3.1123536690878146,gis,setup/conf/real_nonw.conf,41.35067267847009,1,0.0
1.8,0.002387649397289905,0,1,0.27786840291358944,0.0,10,2.347742083304431,discrete-choices,0.9,0.65,0,0.001,5.0,0.07297938332421092,852.1037165448577,0.8521058360402038,65.9373172962949,0.22383530053128758,218.46456593822452,0.5,0.9173808040598692,0.1,-1926750551,3.1123536690878146,gis,setup/conf/real_nonw.conf,56.467030133638715,1,0.75
1.8,0.002387649397289905,0,1,0.27786840291358905,0.0,10,2.347742083304431,discrete-choices,0.9,0.65,0,0.001,5.0,0.054242424242424245,1142.9015231138992,0.7500655173541966,62.20241461169063,0.1217650848799769,239.3789531333882,1.0,0.9173808040598692,0.1,-1585792164,3.1123536690878146,gis,setup/conf/real_nonw.conf,53.9563138609616,1,1.0
1.8,0.002387649397289905,0,1,0.27786840291358933,0.0,10,2.347742083304431,discrete-choices,0.9,0.65,0,0.001,5.0,0.015392303848075963,1683.6722647203562,0.47258703587245504,64.41647820274763,0.03697073651555276,370.29302541742413,0.0,0.9173808040598692,0.1,-1856462415,3.1123536690878146,gis,setup/conf/real_nonw.conf,58.03291793333438,1,0.3333333333333333
