betaDC,centerNumber,corAccessDev,corAccessEmployments,corAccessTimeUnweighted,corAccessTimeWeighted,entropyActives,entropyEmployments,gammaCDA,gammaCDE,gammaSlimeMould,id,lambdaAcc,meanDistanceActives,meanDistanceEmployments,moranActives,moranEmployments,networkSpeed,nwCongestion,nwRelativeLength,nwRelativeSpeed,nwType,relativeAccessibility,relocationRate,replication,scenario,slopeActives,slopeEmployments
1.5794310877821502,3.0,0.03080864500273789,0.004371948086938781,0.6645259161861142,0.009559748374780427,0.9986991882755862,0.9980683587056797,0.7845781740628565,0.7688722640301972,0.0,0,0.005,0.8975231911601383,0.9093435477993018,0.23731968446627458,0.0466853200087224,5.0,0.10938350504293708,1.0,1.0,full,0.9144628436785504,0.2820486556298005,-756799540,2,-0.11244796938308851,-0.09997309359657336
1.5794310877821502,3.0,-0.001255780822264091,-0.0036197861389225573,0.62702123837044,-0.012923097941608164,0.9987408126975156,0.998189044948707,0.7845781740628565,0.7688722640301972,1.8,0,0.005,0.9005281788250508,0.9124837362152252,0.22494039815996325,0.05273777608463616,5.0,0.038294448417324004,0.5009862925007205,1.0013176558558057,slime-mould,0.9137738583439647,0.2820486556298005,-1689200157,6,-0.110409193537253,-0.0990507789228901
1.5794310877821502,3.0,0.024135973643327348,-0.005594633899287766,0.6671870726960939,0.008964332938990856,0.998741258321712,0.9983002228332665,0.7845781740628565,0.7688722640301972,1.2,0,0.005,0.8949259170592286,0.9075211297452689,0.19889796777043325,0.047370550262191495,5.0,0.11446965918713432,1.0324850278075914,1.0847480551869648,slime-mould,0.9253170083514701,0.2820486556298005,2129983547,4,-0.1115805681496717,-0.09741031314592202
